Harga,"Kamar Tidur","Kamar Mandi",Garasi,"Luas Tanah","Luas Bangunan",Lokasi
860000000,2,2,0,72,72,Cimanggis
950000000,3,2,0,84,114,"Pancoran Mas"
1350000000,3,3,0,90,70,Sukmajaya
940000000,3,2,0,72,67,"Pancoran Mas"
740000000,2,1,0,105,85,Sawangan
540000000,2,2,0,72,65,Sawangan
1570000000,5,3,0,90,120,Limo
1420000000,4,3,0,150,200,"Pancoran Mas"
1240000000,4,2,0,75,100,"Pancoran Mas"
1030000000,2,2,0,103,100,"Pancoran Mas"
1030000000,2,2,0,103,100,Limo
1880000000,3,2,0,238,238,"Pancoran Mas"
1330000000,3,2,0,73,83,Cilodong
1370000000,3,2,2,77,90,"Kelapa Dua"
635000000,2,1,1,85,76,Cilodong
899000000,3,2,1,160,120,Sukmajaya
855000000,3,2,1,74,80,Sawangan
1350000000,3,3,2,84,95,"Pancoran Mas"
1510000000,3,2,0,128,81,Sawangan
880000000,2,2,0,84,52,Cinere
1770000000,3,2,0,75,84,Cinere
1990000000,4,3,0,90,110,Cinere
860000000,3,1,0,66,55,Sawangan
500000000,2,1,0,120,80,"Pancoran Mas"
1200000000,2,1,1,62,52,Cimanggis
500000000,2,1,0,120,80,Sawangan
1440000000,3,2,0,94,58,Sukmajaya
680000000,3,2,0,66,77,Sawangan
1400000000,3,2,0,77,90,Cimanggis
1040000000,3,2,0,72,80,Sawangan
500000000,2,1,0,84,54,Sawangan
1300000000,3,2,1,62,83,Cinere
1030000000,2,2,0,103,100,Sawangan
780000000,2,2,0,90,60,Sawangan
750000000,2,1,0,83,70,Sawangan
1000000000,2,3,0,133,100,Sawangan
1280000000,2,1,0,86,60,Cinere
1400000000,3,2,0,90,63,Sawangan
1730000000,5,3,0,90,120,Cinere
740000000,2,1,0,105,85,"Pancoran Mas"
540000000,2,2,0,72,65,"Pancoran Mas"
1880000000,3,2,0,126,160,Cinere
780000000,2,2,0,100,72,Limo
1660000000,4,3,0,88,113,Cinere
1680000000,4,4,0,82,135,Beji
1660000000,4,4,0,208,200,Cinere
720000000,2,1,0,72,72,Cinere
1410000000,3,3,0,123,110,Limo
880000000,2,2,0,84,52,Limo
1440000000,3,2,0,90,90,Sukmajaya
830000000,2,2,0,72,54,Limo
1680000000,4,4,0,82,135,Cinere
1660000000,4,2,0,89,101,Cinere
987000000,3,2,1,65,100,"Pancoran Mas"
950000000,4,3,2,72,130,"Pancoran Mas"
1360000000,4,3,2,98,125,Cinere
1690000000,3,3,2,85,130,Beji
1700000000,3,3,3,306,200,Sawangan
1350000000,4,3,2,98,120,Limo
1700000000,3,3,1,105,150,Cinere
1420000000,4,3,0,150,200,Sukmajaya
989000000,3,2,1,60,75,Cinere
1350000000,3,3,2,65,85,Cinere
950000000,4,3,2,72,130,Cinere
1000000000,3,3,1,60,85,Sawangan
950000000,4,2,1,80,110,"Pancoran Mas"
900000000,4,3,2,72,130,Limo
1400000000,4,3,1,102,120,Cinere
679000000,2,1,1,80,60,"Pancoran Mas"
950000000,4,3,2,72,130,Sawangan
1350000000,4,4,1,85,150,"Pancoran Mas"
600000000,3,2,1,60,50,Cinere
850000000,3,3,1,70,100,"Pancoran Mas"
600000000,3,2,1,60,50,Limo
950000000,4,3,2,71,120,Cinere
700000000,3,2,1,60,55,Sawangan
1770000000,3,2,0,177,160,Sukmajaya
1220000000,3,2,0,72,100,Cinere
2100000000,3,3,0,165,180,Cinere
680000000,3,2,0,66,77,Limo
780000000,2,1,0,85,50,"Pancoran Mas"
1660000000,3,2,0,79,110,Cinere
780000000,2,2,0,100,72,"Pancoran Mas"
1660000000,4,4,0,208,200,Limo
1330000000,4,2,0,98,95,Sukmajaya
1280000000,2,1,0,86,60,Limo
780000000,3,2,0,77,71,Cilodong
1350000000,3,2,2,84,95,"Pancoran Mas"
885000000,3,2,1,45,69,Cimanggis
1200000000,2,1,1,62,52,Cinere
875000000,2,1,1,104,55,Sawangan
1600000000,3,2,1,170,150,Cinere
1000000000,4,3,2,77,101,Cinere
1000000000,3,3,0,65,78,Sawangan
1620000000,5,4,0,98,150,Cinere
1410000000,3,3,0,123,110,Cinere
830000000,2,2,0,72,54,Cinere
983000000,3,3,1,65,78,Sawangan
610000000,2,1,0,90,60,Cilodong
1350000000,3,2,0,52,90,Beji
1110000000,3,2,0,90,134,Cilodong
820000000,2,1,0,96,50,Cilodong
1110000000,3,3,0,100,180,Citayam
1110000000,3,3,0,100,180,Cilodong
700000000,3,2,1,60,55,Limo
385000000,3,2,1,50,60,"Pancoran Mas"
985000000,4,3,2,72,125,Cinere
700000000,3,2,1,70,70,Sawangan
1000000000,3,3,1,60,85,"Pancoran Mas"
700000000,3,2,1,60,55,"Pancoran Mas"
990000000,3,2,1,65,75,Limo
1750000000,5,4,1,82,160,"Pancoran Mas"
1570000000,5,3,0,90,120,Beji
700000000,3,2,2,66,78,Sawangan
1880000000,3,2,0,126,160,Beji
1660000000,4,3,0,88,113,Beji
1470000000,3,3,0,125,105,Cinere
780000000,2,1,0,85,50,Sawangan
940000000,3,2,0,72,67,Sawangan
1500000000,4,4,0,76,130,Cinere
610000000,2,1,0,78,50,Sukmajaya
940000000,2,1,0,94,65,Sukmajaya
820000000,2,1,0,96,50,Sukmajaya
1220000000,3,2,0,72,100,Limo
780000000,2,2,0,84,60,Cimanggis
950000000,3,2,0,84,114,Sawangan
1440000000,3,2,0,90,90,Cimanggis
970000000,2,2,0,86,70,Sukmajaya
1440000000,3,2,0,94,58,Citayam
830000000,3,2,0,90,70,Citayam
970000000,2,2,0,86,70,Cilodong
940000000,2,1,0,94,65,Cilodong
720000000,2,1,0,72,72,Beji
730000000,3,2,1,70,70,Sawangan
720000000,2,1,0,72,65,Cilodong
1000000000,3,3,2,64,100,Limo
875000000,3,2,1,63,75,"Pancoran Mas"
990000000,4,3,2,72,125,"Pancoran Mas"
1300000000,4,3,2,98,125,"Pancoran Mas"
700000000,3,2,1,70,70,"Pancoran Mas"
1000000000,3,3,1,70,90,"Grand Depok City"
540000000,2,2,0,72,65,Citayam
1970000000,2,2,3,202,93,Cinere
1400000000,3,3,2,112,120,Sawangan
720000000,3,2,1,51,70,Cilodong
1300000000,3,3,2,111,90,Sukmajaya
1250000000,3,3,1,73,85,Margonda
891000000,3,2,2,61,55,Cinere
780000000,2,2,0,100,72,Sukmajaya
1250000000,2,2,1,112,95,Cinere
695000000,3,2,1,51,70,Sukmajaya
900000000,4,3,0,138,150,Sukmajaya
695000000,3,2,2,55,60,Sawangan
890000000,3,2,2,61,55,Limo
2000000000,4,4,1,120,160,Cinere
1050000000,3,2,0,72,115,Cilodong
1420000000,4,3,0,150,200,Citayam
1620000000,5,4,0,98,150,Beji
610000000,2,1,0,78,50,Cilodong
740000000,2,1,0,84,56,Cimanggis
1770000000,3,2,0,100,83,Beji
780000000,3,2,0,77,71,Citayam
1050000000,3,2,1,60,75,"Pancoran Mas"
1390000000,3,2,0,52,90,Beji
1390000000,3,2,0,93,93,Beji
500000000,2,1,0,82,82,Citayam
1400000000,3,3,1,70,80,Beji
1040000000,3,2,0,72,80,Citayam
1440000000,4,3,0,108,150,Cimanggis
1660000000,4,4,0,208,200,Sawangan
500000000,2,1,0,120,80,Citayam
1770000000,3,2,0,177,160,Citayam
780000000,2,2,0,84,60,Sukmajaya
1300000000,2,2,2,144,70,Sawangan
560000000,2,1,0,72,72,Cipayung
880000000,3,2,2,70,60,Cimanggis
950000000,2,1,1,98,50,Beji
1180000000,2,1,1,120,115,"Tanah Baru"
1500000000,4,4,0,76,130,Beji
830000000,3,2,0,90,70,"Pancoran Mas"
1990000000,4,3,0,90,110,Beji
680000000,3,2,0,90,69,Cilodong
780000000,2,1,0,84,56,Tapos
610000000,3,1,0,72,60,Cilodong
1400000000,3,2,0,77,90,Beji
710000000,2,1,0,121,65,Cipayung
380000000,3,2,0,60,55,"Depok I"
530000000,2,1,0,116,50,Cilodong
1440000000,3,2,0,94,58,"Pancoran Mas"
1440000000,3,2,0,200,170,Cimanggis
1350000000,3,3,0,90,70,Cilodong
860000000,3,1,0,66,55,"Bojong Sari"
1510000000,3,2,0,128,81,"Pancoran Mas"
940000000,3,2,0,72,67,Limo
740000000,2,1,0,105,85,Limo
770000000,2,1,0,104,72,Tapos
770000000,2,1,0,104,72,Cilodong
780000000,2,1,0,84,56,Cilodong
1510000000,3,2,0,128,81,Limo
600000000,3,2,2,72,65,Cilodong
1350000000,3,3,0,90,70,"Pancoran Mas"
980000000,3,2,1,106,115,Sukatani
1330000000,2,1,0,90,60,Tapos
780000000,2,1,0,85,50,Limo
1440000000,3,2,0,90,90,"Pancoran Mas"
610000000,2,1,0,78,50,"Pancoran Mas"
450000000,2,1,0,84,60,Cilodong
950000000,3,2,0,84,114,Limo
1770000000,3,2,0,75,84,Beji
1110000000,3,2,0,90,144,Cilodong
1170000000,3,2,0,90,164,Cilodong
1050000000,3,2,0,72,115,Tapos
720000000,2,1,0,72,72,"Pancoran Mas"
720000000,2,1,0,72,65,Citayam
820000000,2,1,0,96,50,Citayam
1770000000,3,2,0,177,160,Cilodong
1660000000,4,2,0,89,101,Beji
830000000,3,2,0,90,70,Cipayung
1300000000,2,2,1,128,90,Cimanggis
1300000000,5,2,1,180,120,"Depok I"
700000000,2,2,0,54,96,Harjamukti
650000000,2,2,1,49,60,Cimanggis
1300000000,3,3,1,60,150,"Tanah Baru"
1700000000,4,4,2,144,150,Sawangan
740000000,2,1,0,84,56,Cilodong
1650000000,4,2,1,95,215,Sawangan
1650000000,4,2,1,95,215,Cinere
1330000000,2,1,0,90,60,Cilodong
1350000000,4,3,2,58,140,"Tanah Baru"
995000000,3,3,2,71,90,Cilodong
1600000000,3,2,1,84,110,Cinere
1150000000,3,2,2,65,94,Krukut
1850000000,4,3,1,173,170,Cinere
1700000000,3,3,2,70,140,Cinere
788000000,2,2,2,50,55,Cimanggis
1400000000,4,3,2,72,80,Kukusan
1800000000,3,3,1,120,100,Cinere
720000000,3,2,1,60,65,"Depok II"
880000000,3,2,1,60,75,Sawangan
1650000000,2,2,0,172,120,"Pancoran Mas"
816000000,3,3,1,60,100,"Bojong Sari"
605000000,3,2,1,50,75,"Grand Depok City"
630000000,3,2,1,72,110,Cilodong
185000000,2,1,1,70,50,Citayam
1500000000,3,3,1,83,112,"Tanah Baru"
1250000000,2,2,0,121,170,Tugu
690000000,3,2,1,90,53,Citayam
450000000,2,1,0,105,55,Citayam
690000000,2,2,2,55,60,"Bojong Sari"
1850000000,3,3,2,124,178,Cinere
1150000000,3,2,2,84,105,Sukmajaya
1800000000,3,2,1,96,120,Cinere
775000000,2,2,1,98,70,Cinangka
845000000,3,2,2,56,71,"Kelapa Dua"
400000000,3,2,0,90,70,"Depok I"
1300000000,3,2,0,60,60,"Pancoran Mas"
1050000000,3,2,1,66,76,Cimanggis
385000000,3,2,1,60,60,Cinere
585000000,2,1,1,100,65,Cilodong
1300000000,1,1,2,167,100,"Kelapa Dua"
855000000,3,2,2,74,80,Sawangan
1470000000,3,2,1,105,86,Cibubur
700000000,3,2,1,60,60,Sawangan
690000000,3,2,1,70,73,Sawangan
999000000,2,1,0,77,106,Beji
1150000000,3,2,1,109,134,Cimanggis
1190000000,3,2,1,70,90,Rangkapanjaya
450000000,3,2,1,50,80,Cipayung
1000000000,3,2,1,64,76,Cibubur
450000000,3,2,1,45,80,"Pancoran Mas"
1250000000,2,1,0,87,56,Cibubur
1900000000,4,3,1,172,160,Cinere
800000000,3,2,2,70,90,Cinangka
1750000000,4,4,2,105,127,Limo
850000000,3,2,0,120,120,Limo
750000000,4,2,1,72,98,"Pancoran Mas"
750000000,3,2,1,60,50,Citayam
1700000000,3,3,2,74,75,Beji
650000000,3,2,0,48,96,Harjamukti
690000000,3,1,2,116,60,Cilodong
1150000000,3,2,1,70,80,Sukmajaya
1400000000,3,2,2,132,100,Sawangan
1250000000,1,2,1,98,72,Tapos
2000000000,3,2,1,72,89,Cibubur
125000000,3,3,2,81,120,Cilodong
1300000000,6,4,2,200,180,Tapos
675000000,2,1,1,84,56,Cilangkap
2100000000,3,3,1,208,150,Cinere
1600000000,5,2,1,102,200,Cinere
1850000000,3,3,0,124,187,Cinere
875000000,3,2,1,112,80,Cimanggis
895000000,4,2,1,105,110,Cilodong
625000000,2,1,0,89,55,"Depok II"
525000000,4,4,0,150,120,Cipayung
1140000000,3,2,2,84,85,Sawangan
1900000000,2,3,1,160,125,Sawangan
1620000000,3,3,1,114,185,Cinere
685000000,2,1,1,83,70,Sawangan
929000000,3,2,1,50,61,Beji
1450000000,4,2,1,171,250,Sukmajaya
850000000,3,2,1,139,123,Cinere
1370000000,2,2,1,72,85,Sawangan
1080000000,3,3,2,64,100,Cinere
1980000000,3,2,0,111,88,Harjamukti
1350000000,3,3,2,90,100,Sawangan
700000000,2,1,1,96,53,Sawangan
675000000,2,2,1,65,68,Cimanggis
1600000000,3,2,1,140,100,Limo
1980000000,5,2,2,248,290,"Depok I"
2000000000,4,4,1,128,130,Harjamukti
1250000000,2,1,1,90,60,Harjamukti
1650000000,3,2,1,120,105,Cinere
1700000000,3,2,1,105,115,"Pangkalan Jati"
1650000000,3,3,1,112,135,Harjamukti
1750000000,3,2,2,120,150,Cinere
1650000000,4,3,1,105,115,Cinere
1800000000,4,4,2,90,125,Cinere
1850000000,5,5,2,127,200,Cinere
1890000000,5,4,1,100,120,Cinere
1800000000,4,4,1,86,157,Sawangan
2000000000,3,2,1,240,200,Cinere
850000000,3,3,1,115,92,Krukut
1900000000,3,3,2,218,150,Rangkapanjaya
1900000000,3,4,2,100,135,Cinere
1200000000,2,2,0,108,90,Cinere
970000000,3,2,1,60,55,Limo
1980000000,4,3,2,101,160,Kukusan
1780000000,3,3,2,100,135,Cinere
1200000000,3,2,2,74,73,Cinere
2100000000,3,2,1,98,92,"Depok I"
950000000,2,1,2,200,90,Sawangan
1500000000,3,2,2,170,200,Cinere
1300000000,3,2,1,182,150,Cinere
1000000000,3,2,2,128,120,Sawangan
2000000000,4,4,2,127,200,Cinere
690000000,3,2,2,106,85,Limo
1300000000,3,2,1,182,140,Cinere
1500000000,4,3,1,103,120,Cinere
1300000000,2,1,1,93,85,Cinere
550000000,2,2,1,50,60,Tapos
1940000000,1,1,2,223,50,Cinere
210000000,2,1,0,60,60,Citayam
1800000000,4,4,1,105,125,Cinere
1000000000,3,2,1,105,90,"Depok I"
1250000000,3,3,1,65,89,Cibubur
1150000000,3,2,1,90,100,Sawangan
1800000000,3,3,1,157,210,"Depok I"
1800000000,3,2,2,170,152,Cinere
2100000000,3,3,2,194,143,"Depok I"
1000000000,4,3,2,98,225,"Depok II"
2000000000,3,3,2,100,146,Cinere
900000000,3,1,1,167,90,Sawangan
1800000000,3,3,2,100,135,Cinere
700000000,3,2,1,54,96,Harjamukti
1200000000,3,2,2,104,150,Harjamukti
900000000,3,3,0,72,150,Sawangan
837000000,3,2,2,66,75,Cinangka
599000000,2,1,0,72,50,Beji
1000000000,2,2,2,172,100,Cilodong
2100000000,3,2,1,120,83,Cinere
1500000000,3,2,1,80,106,Cinere
725000000,2,1,1,77,77,Sukmajaya
1500000000,5,3,1,90,104,Cinere
1600000000,4,2,1,65,120,Kukusan
1750000000,3,2,2,120,86,Cibubur
250000000,1,1,0,50,50,Sukmajaya
1400000000,3,3,2,102,125,Krukut
650000000,3,2,1,60,60,Cilodong
950000000,2,1,1,133,50,Sawangan
1250000000,3,3,1,72,76,Sawangan
1100000000,3,3,2,68,84,"Pancoran Mas"
1850000000,3,2,1,120,98,Sukmajaya
1200000000,3,3,2,66,77,Sawangan
895000000,2,1,2,84,52,Sawangan
1000000000,3,3,2,84,80,Sawangan
1350000000,3,5,1,98,150,Tapos
1350000000,3,3,2,120,120,Sawangan
800000000,3,2,1,48,80,Cinangka
800000000,3,2,1,40,80,Sawangan
1570000000,3,3,1,66,125,"Tanah Baru"
1250000000,3,3,0,64,120,"Tanah Baru"
1700000000,4,4,2,78,130,"Tanah Baru"
971000000,3,2,1,78,80,Tapos
1400000000,2,2,1,112,114,Cibubur
1920000000,4,2,2,105,210,Cinere
1850000000,4,3,1,173,170,Krukut
1300000000,2,2,1,112,95,Cinere
1950000000,4,3,2,105,115,Cinere
980000000,3,1,1,93,93,"Pancoran Mas"
1850000000,3,3,0,144,150,Sawangan
1200000000,2,1,0,184,130,Cilodong
850000000,3,1,0,109,60,"Bojong Sari"
1050000000,1,2,0,96,54,"Pancoran Mas"
180000000,2,2,1,72,50,"Pancoran Mas"
1500000000,2,1,1,205,51,Sawangan
1600000000,3,2,2,83,108,Beji
800000000,2,1,1,140,60,"Bojong Sari"
1500000000,2,2,1,144,120,Tapos
575000000,2,1,0,84,52,Sawangan
980000000,2,2,1,85,70,Cinere
1200000000,2,2,0,144,68,Sawangan
175000000,2,2,1,70,51,"Pasir Putih"
1400000000,4,3,1,145,130,Limo
1600000000,3,2,2,84,110,Cinere
1570000000,3,2,1,88,79,Sawangan
865000000,3,2,2,64,70,Tapos
850000000,2,1,1,82,52,Cinere
1390000000,4,3,0,100,160,Cimanggis
900000000,3,2,0,53,70,Kukusan
1900000000,4,2,2,157,110,Cinere
1800000000,5,3,1,157,110,Cinere
2000000000,3,2,1,96,100,Cimanggis
1100000000,3,2,1,107,100,Cinere
1100000000,5,2,1,130,80,Beji
1000000000,4,3,2,77,101,Sawangan
1000000000,3,3,1,65,78,"Bojong Sari"
700000000,3,2,1,42,54,Kukusan
912000000,3,2,1,41,54,Kukusan
800000000,3,2,1,45,69,"Kelapa Dua"
1400000000,3,2,1,70,80,Kukusan
1000000000,3,3,1,65,78,"Pasir Putih"
1200000000,3,2,1,60,120,"Tanah Baru"
1530000000,3,3,2,107,120,Harjamukti
766000000,2,2,2,62,58,Tapos
1250000000,3,3,2,100,113,Rangkapanjaya
975000000,3,2,0,61,55,Limo
1490000000,4,3,3,142,120,Cilodong
750000000,3,2,1,45,72,Cimanggis
1500000000,3,2,1,120,150,Sukmajaya
2100000000,2,3,2,202,93,Cinere
750000000,2,1,1,75,51,"Pancoran Mas"
1200000000,3,2,2,58,97,"Pancoran Mas"
799000000,3,2,2,56,72,Cinere
700000000,3,2,1,63,72,Sawangan
900000000,2,1,1,96,50,Sawangan
1060000000,5,2,1,144,200,Cisalak
1450000000,4,3,2,125,136,Cinere
735000000,3,2,1,46,70,Sukmajaya
1100000000,3,2,1,77,90,Sukmajaya
1900000000,3,3,0,96,100,Cimanggis
785000000,2,2,1,85,85,Sukmajaya
1300000000,3,3,1,73,110,"Tanah Baru"
1800000000,5,2,1,148,120,Cinere
1400000000,2,2,1,144,100,Sawangan
1400000000,2,2,2,72,110,"Depok II"
684000000,3,2,1,50,50,Cinangka
684000000,3,2,1,50,50,Sawangan
1500000000,4,2,0,112,180,"Bojong Sari"
600000000,2,1,1,75,51,Cinere
1200000000,3,2,2,65,94,Krukut
1550000000,5,4,0,146,280,Cimanggis
850000000,2,1,1,81,60,"Depok I"
1400000000,2,3,2,160,62,Sawangan
1280000000,3,3,2,104,110,Rangkapanjaya
1250000000,4,2,1,104,190,Beji
1460000000,4,4,2,100,150,Tapos
1500000000,3,2,1,108,108,Cinere
850000000,3,1,0,108,108,"Kelapa Dua"
1500000000,5,3,1,100,124,"Kelapa Dua"
1950000000,3,2,1,96,120,Tapos
990000000,3,2,1,60,75,Krukut
600000000,3,2,1,60,50,Krukut
1350000000,5,4,2,120,240,"Depok II"
1500000000,2,1,1,115,140,Cinere
1800000000,3,2,1,180,100,Cinere
1700000000,2,2,1,177,150,Limo
1950000000,3,3,1,100,154,Cinere
1550000000,3,3,1,120,160,Cinere
1500000000,4,2,1,92,130,Cinere
1650000000,3,3,1,133,144,Cinere
1650000000,3,2,2,114,180,Cinere
1890000000,3,2,1,100,105,Cinere
1800000000,4,2,1,157,160,Cinere
1600000000,3,2,1,94,145,"Pangkalan Jati"
1870000000,3,3,1,100,120,Cinere
1750000000,4,3,2,105,115,Cinere
1080000000,3,2,1,78,70,Limo
1900000000,3,2,1,105,115,"Pangkalan Jati"
2100000000,3,4,1,100,140,Cinere
1900000000,5,2,1,109,218,Cinere
1500000000,4,3,1,102,120,Cinere
1400000000,3,2,1,72,92,Cinere
1400000000,3,2,2,75,83,Cinere
996000000,3,2,2,72,100,Krukut
925000000,3,3,1,65,75,Beji
565000000,3,2,1,90,53,Cipayung
989000000,4,3,2,72,125,Krukut
927000000,3,3,1,55,75,Kukusan
885000000,4,2,1,63,75,Krukut
1300000000,4,3,2,73,120,"Tanah Baru"
996000000,3,2,1,72,102,Rangkapanjaya
900000000,2,2,2,112,80,Cimanggis
1650000000,3,2,1,105,115,Cinere
1900000000,4,2,2,100,56,Cinere
1600000000,3,2,1,78,110,Cinere
1680000000,4,2,1,112,112,Cinere
1800000000,3,3,1,98,123,Cinere
1500000000,3,2,1,92,110,Cinere
1350000000,2,3,1,67,123,Cinere
795000000,2,1,1,84,52,Sawangan
1770000000,3,4,1,100,135,Cinere
385000000,3,2,1,50,60,Rangkapanjaya
1800000000,5,3,1,146,148,Cimanggis
1200000000,1,3,1,75,100,"Tanah Baru"
1700000000,3,3,1,110,180,"Tanah Baru"
600000000,3,2,1,58,80,"Pancoran Mas"
1550000000,3,3,2,120,100,Krukut
1900000000,1,1,1,180,60,Cinere
900000000,3,2,1,121,100,Krukut
800000000,3,2,1,90,70,"Kelapa Dua"
1800000000,4,3,2,120,120,Cinere
1380000000,4,3,1,85,125,Limo
1700000000,3,2,0,240,160,Cimanggis
1700000000,4,2,2,120,111,"Depok I"
1600000000,3,2,1,98,150,Sukatani
725000000,3,2,1,63,82,Cipayung
2000000000,2,2,0,135,100,Cibubur
1750000000,2,2,1,149,130,Cinere
795000000,2,1,1,85,60,Sawangan
1450000000,4,4,2,100,150,Cimanggis
975000000,3,2,1,117,167,"Depok I"
750000000,2,1,1,80,60,"Pancoran Mas"
850000000,3,2,0,70,120,Cibubur
950000000,3,2,2,72,90,Limo
950000000,4,2,0,72,144,"Depok I"
1300000000,2,2,0,105,91,"Depok I"
775000000,2,1,0,70,52,Cilodong
1500000000,3,2,1,78,130,Cilodong
1500000000,4,3,1,110,101,Cimanggis
1700000000,4,3,0,200,300,Cimanggis
1420000000,3,3,3,104,105,Cilodong
1400000000,5,2,1,90,200,Cinere
1470000000,3,2,1,120,100,Cinere
1600000000,3,2,0,170,150,Cinere
895000000,3,2,1,90,60,Tapos
1100000000,3,1,1,80,80,"Depok I"
1400000000,2,2,0,80,58,Cimanggis
770000000,3,1,1,81,81,Cilodong
1700000000,2,2,0,155,100,Cimanggis
900000000,2,1,1,90,50,"Pancoran Mas"
795000000,2,1,0,120,50,Sawangan
2000000000,4,2,2,200,225,Harjamukti
730000000,3,2,2,66,72,Sawangan
1300000000,4,3,1,102,100,"Depok I"
1900000000,3,3,2,109,137,"Tanah Baru"
900000000,4,3,2,70,130,"Pancoran Mas"
889000000,3,3,1,60,100,Sawangan
1400000000,3,2,2,90,122,"Tanah Baru"
840000000,2,2,1,70,58,Sawangan
1200000000,3,3,2,70,80,Margonda
1350000000,4,4,1,58,140,Beji
1450000000,2,2,1,115,56,Beji
1400000000,3,2,2,62,83,Cinere
1090000000,3,2,1,60,75,Cinere
1200000000,3,2,2,165,100,Sukmajaya
1240000000,3,3,2,70,80,Sukmajaya
750000000,3,2,1,51,72,Cimanggis
925000000,3,2,2,88,70,Sukmajaya
899000000,3,2,1,86,70,Sukmajaya
1300000000,3,2,2,200,160,Cilodong
599000000,3,2,1,51,60,Cilodong
450000000,3,2,1,50,68,"Pancoran Mas"
941000000,3,2,1,45,69,Tugu
966000000,3,3,1,66,70,"Kelapa Dua"
1460000000,4,3,2,66,90,Cinere
755000000,3,2,1,50,70,Cinangka
450000000,3,1,1,99,80,Sawangan
753000000,3,2,1,61,70,Tapos
814000000,3,2,1,54,55,Cilodong
1050000000,3,2,1,67,105,Beji
1500000000,2,2,1,144,125,Cimanggis
758000000,3,2,1,46,60,"Kelapa Dua"
1500000000,4,2,1,144,130,Cinere
1000000000,3,3,1,55,100,"Tanah Baru"
1350000000,4,3,2,72,120,"Tanah Baru"
1770000000,3,2,1,100,135,Cinere
2000000000,4,3,2,180,150,Cimanggis
871000000,3,2,1,45,61,Cimanggis
860000000,3,2,1,72,90,Tapos
850000000,2,1,1,90,60,Cibubur
680000000,2,2,1,90,60,Tapos
890000000,3,2,1,55,70,Cibubur
1270000000,2,1,1,72,81,Margonda
900000000,2,2,1,117,65,Cibubur
590000000,2,1,1,72,52,"Depok I"
1780000000,2,2,1,126,110,"Tanah Baru"
1690000000,3,3,2,85,130,"Tanah Baru"
1300000000,3,3,2,105,85,"Pancoran Mas"
785000000,4,2,1,60,72,Cibubur
1950000000,3,2,1,236,183,Cilodong
2000000000,3,2,1,185,215,Cimanggis
2000000000,3,2,1,200,110,Beji
1450000000,3,3,1,102,132,Cilodong
1350000000,4,3,1,78,91,Beji
585000000,2,1,1,100,55,Cilodong
1500000000,4,3,2,200,180,Cimanggis
1100000000,3,2,1,90,95,Cilodong
1350000000,3,2,1,72,80,Kukusan
1700000000,4,3,1,170,160,Cinere
1600000000,4,3,2,96,120,"Pangkalan Jati"
880000000,3,2,1,58,80,Cisalak
690000000,2,1,0,72,54,"Depok II"
1500000000,5,4,2,105,104,Cimanggis
1500000000,3,3,1,165,140,Sukmajaya
1890000000,4,3,1,100,110,Cinere
1500000000,4,2,2,108,120,Tapos
950000000,3,2,2,51,72,Harjamukti
950000000,3,2,2,75,90,Cilodong
675000000,2,1,1,85,60,Cilodong
1390000000,3,2,2,75,110,Cilodong
900000000,3,2,2,60,80,Harjamukti
675000000,3,2,1,48,96,Harjamukti
1450000000,3,2,1,132,132,"Depok I"
850000000,3,2,2,127,95,Sawangan
1700000000,3,2,2,106,110,Cinere
1600000000,2,1,2,143,145,Cinangka
1600000000,3,3,2,84,110,Limo
935000000,2,1,1,84,60,Cinere
2000000000,3,2,1,170,120,Cinere
1200000000,4,2,2,233,208,Cinangka
1950000000,4,4,2,124,200,Cinere
1300000000,4,3,1,114,134,Harjamukti
900000000,3,2,1,70,70,Cibubur
880000000,3,2,1,58,72,"Kelapa Dua"
900000000,3,2,2,64,70,"Kelapa Dua"
1650000000,3,2,1,133,144,Cinere
900000000,3,2,2,64,75,Limo
800000000,3,2,1,53,71,Cimanggis
1500000000,3,2,0,120,160,Cinere
1230000000,3,2,1,67,70,"Kelapa Dua"
1300000000,4,2,2,108,120,Cimanggis
800000000,2,2,1,84,160,"Depok I"
1650000000,2,3,1,98,150,Cibubur
1970000000,3,2,1,105,115,Cinere
725000000,4,3,0,90,180,Sawangan
1950000000,2,2,0,152,120,Sawangan
1950000000,4,3,1,110,150,Cinere
900000000,3,2,2,80,60,Cinangka
1500000000,3,3,3,238,160,Mekarsari
1350000000,4,3,1,97,60,Limo
1200000000,3,3,1,400,200,"Depok I"
1100000000,3,2,1,72,100,"Tanah Baru"
625000000,3,3,1,112,140,Cilodong
1300000000,4,4,2,60,135,"Tanah Baru"
1900000000,4,2,2,114,100,Cinere
2000000000,5,3,0,150,200,Tapos
1770000000,3,2,1,100,100,Cinere
1100000000,3,3,2,200,120,Sukmajaya
1970000000,2,2,0,202,93,Cinere
1200000000,3,2,1,108,90,Cinere
650000000,2,3,1,48,90,Cimanggis
1700000000,2,2,1,177,150,Cinere
750000000,3,2,1,80,80,Cinangka
900000000,3,2,0,120,70,Gandul
895000000,3,2,1,70,75,Cilodong
875000000,2,1,1,81,60,Sawangan
1650000000,4,3,1,98,120,Cibubur
600000000,2,1,1,79,52,Cilodong
1100000000,2,2,1,105,88,Cipayung
1850000000,3,2,2,105,115,Cinere
1850000000,4,4,0,103,108,Cinere
875000000,2,1,0,78,60,"Depok I"
2100000000,3,2,1,90,130,Cibubur
1850000000,3,2,0,105,200,Cinere
1240000000,3,3,1,73,90,Beji
1900000000,5,4,2,200,235,"Grand Depok City"
1680000000,4,2,0,112,112,Cinere
1800000000,3,1,0,112,106,Cinere
2000000000,3,3,2,100,150,Cinere
1450000000,2,3,1,120,200,Cinere
1900000000,3,1,1,105,115,"Pangkalan Jati"
762000000,3,2,1,52,60,Rangkapanjaya
600000000,3,2,1,55,100,Cimanggis
900000000,3,2,1,60,70,"Kelapa Dua"
700000000,3,2,1,50,72,Harjamukti
700000000,3,2,1,50,72,Cimanggis
800000000,3,1,1,77,56,Limo
700000000,2,1,1,70,55,Cimanggis
800000000,3,2,2,60,80,Sukmajaya
1300000000,3,3,1,64,83,Cinere
900000000,3,2,2,70,78,Sukmajaya
900000000,3,2,2,50,80,Harjamukti
900000000,3,2,2,60,100,Sukmajaya
1350000000,4,4,2,60,140,Krukut
1350000000,4,4,2,60,140,"Tanah Baru"
1200000000,2,2,1,108,90,Cinere
750000000,1,2,1,100,140,Cipayung
1850000000,4,2,1,140,120,Cinere
1490000000,3,3,1,87,107,"Kelapa Dua"
870000000,3,2,1,60,70,Beji
1700000000,3,3,1,105,150,Limo
1700000000,2,2,1,110,80,Cinere
1050000000,2,1,1,84,50,"Bojong Sari"
1500000000,2,2,1,197,54,Limo
1950000000,3,2,1,96,120,Cimanggis
1790000000,3,1,2,180,140,"Pancoran Mas"
1050000000,2,3,1,72,90,Cinere
1990000000,3,2,2,105,115,Cinere
1950000000,2,2,1,170,100,Limo
1500000000,3,2,1,120,100,Cinere
1550000000,3,2,1,135,120,Limo
1300000000,3,3,2,140,115,Cinere
1700000000,3,2,2,211,187,Cilodong
800000000,3,2,0,80,65,"Depok I"
700000000,2,1,0,84,50,"Depok I"
1100000000,3,3,2,70,90,Cilodong
1100000000,3,2,2,94,100,"Tanah Baru"
700000000,3,1,1,72,84,Limo
400000000,2,1,0,70,50,Citayam
1300000000,3,2,1,102,132,Cibubur
950000000,3,2,2,60,65,"Bojong Sari"
850000000,2,1,1,85,85,Cinere
1300000000,3,2,1,90,120,Cimanggis
675000000,3,2,1,48,96,Cimanggis
675000000,3,2,1,54,96,Cibubur
2100000000,3,2,1,209,150,Beji
650000000,2,2,1,175,85,Cilodong
800000000,2,2,1,84,160,Cibubur
1950000000,3,2,1,100,120,Cimanggis
1530000000,3,2,1,75,83,Cinere
1390000000,2,2,1,128,90,"Depok I"
1560000000,3,2,1,124,80,"Depok I"
1190000000,4,3,2,102,132,Tapos
1000000000,3,3,0,120,240,Sukatani
1270000000,3,3,1,90,84,Harjamukti
1200000000,3,2,1,96,120,Gandul
900000000,3,2,0,62,72,Sukmajaya
890000000,3,2,1,57,80,Cimanggis
1300000000,2,2,0,131,90,"Grand Depok City"
1650000000,4,2,2,110,100,Harjamukti
1500000000,3,3,1,94,90,Harjamukti
790000000,3,2,1,50,70,Sukmajaya
1000000000,3,2,1,107,54,Cimanggis
275000000,3,1,1,84,50,Sukmajaya
790000000,2,2,1,78,50,Cilodong
1900000000,3,3,2,84,95,Sawangan
735000000,3,2,1,46,70,Cilodong
1100000000,3,2,1,68,90,Cilodong
915000000,3,2,2,60,72,Cimanggis
1100000000,3,3,2,78,90,Cilodong
750000000,3,2,1,45,80,Cimanggis
750000000,3,2,1,55,72,Cimanggis
1200000000,3,2,2,65,94,Limo
1800000000,8,9,1,86,150,Beji
1400000000,2,4,2,141,110,Cilodong
1200000000,3,3,0,98,110,Harjamukti
799000000,2,1,1,72,72,Cipayung
1600000000,3,3,1,120,220,Cilodong
875000000,2,2,1,73,53,Cimanggis
930000000,3,2,1,61,61,Sukmajaya
850000000,3,2,0,112,60,Sawangan
1270000000,4,3,1,90,84,Harjamukti
890000000,3,2,1,70,73,Cimanggis
1500000000,3,2,0,136,79,"Depok I"
953000000,3,2,1,70,90,Sawangan
500000000,2,1,1,84,72,Sawangan
785000000,2,2,1,50,62,Limo
1550000000,2,2,1,64,87,"Pangkalan Jati"
702000000,2,2,1,46,50,Limo
1850000000,5,4,1,82,160,"Pancoran Mas"
1350000000,3,2,1,136,110,Harjamukti
985000000,3,2,1,59,90,"Pancoran Mas"
1500000000,3,2,5,238,160,Cimanggis
2020000000,3,2,1,101,90,Cinere
1350000000,4,2,1,144,100,Cinere
700000000,2,1,0,125,100,Cinangka
2049999999,3,1,0,96,100,Cimanggis
762000000,3,2,1,52,60,"Pancoran Mas"
520000000,3,2,1,94,72,Sawangan
925000000,3,2,1,50,95,Cimanggis
1500000000,2,2,1,50,62,Sawangan
1300000000,3,2,1,60,73,Cinangka
769000000,2,1,1,41,54,Kukusan
1300000000,2,2,1,62,50,Sawangan
1900000000,4,5,2,92,125,"Bojong Sari"
1000000000,2,2,1,50,62,Sawangan
959000000,3,2,1,60,70,Cinere
1990000000,8,8,2,105,170,Beji
1850000000,3,3,2,98,95,Sawangan
1700000000,3,2,0,108,90,Cinere
762000000,3,2,1,52,60,"Depok II"
1600000000,4,2,2,162,180,Sawangan
570000000,4,1,0,103,120,"Pancoran Mas"
550000000,3,2,2,96,76,Sawangan
1500000000,3,2,1,200,180,"Depok II"
1550000000,3,3,0,199,130,Cimanggis
800000000,1,1,0,84,75,Sukmajaya
700000000,3,2,1,69,60,Cilodong
750000000,2,1,1,75,60,Cinere
995000000,4,3,2,72,120,Limo
700000000,3,1,1,103,80,Sukatani
280000000,3,2,1,52,50,"Depok I"
750000000,4,3,1,72,98,Rangkapanjaya
900000000,3,2,1,60,70,Mekarsari
1600000000,3,2,0,90,90,"Depok I"
895000000,3,2,2,70,75,"Grand Depok City"
1250000000,4,3,1,80,140,"Tanah Baru"
1800000000,3,4,1,86,306,"Depok I"
1220000000,3,2,1,75,105,Ciangsana
1200000000,3,2,1,120,72,Cilodong
2100000000,5,3,1,145,200,"Studio Alam"
1390000000,3,3,2,758,110,Beji
1550000000,4,3,2,103,130,Cinere
1390000000,3,2,2,125,90,"Pancoran Mas"
810000000,2,2,1,74,50,"Depok I"
900000000,2,2,1,60,70,Cibubur
460000000,2,1,0,90,70,"Depok II"
1300000000,2,2,0,90,68,Cimanggis
550000000,3,1,1,70,80,Cipayung
950000000,3,2,1,90,70,"Depok I"
550000000,1,1,1,100,100,"Depok I"
900000000,3,2,1,52,72,Cimanggis
525000000,2,2,1,42,80,Cilodong
1700000000,4,3,1,102,115,"Pangkalan Jati"
900000000,4,2,1,100,170,Sukmajaya
1050000000,3,2,1,150,90,Sawangan
893000000,3,2,2,83,80,Sawangan
950000000,3,3,0,119,150,"Bojong Sari"
890000000,3,2,1,66,65,Cinangka
2100000000,3,2,1,112,120,Cibubur
900000000,2,1,1,120,90,Sawangan
680000000,2,2,2,48,50,Limo
1250000000,5,4,5,1205,505,Tapos
1200000000,3,2,0,65,94,Cinere
1600000000,4,2,1,200,280,Cimanggis
1600000000,4,3,1,170,150,Cinere
950000000,3,2,2,60,72,Cibubur
950000000,3,2,2,64,75,Limo
800000000,4,3,1,137,140,"Tanah Baru"
700000000,3,2,2,63,72,Sawangan
385000000,3,2,1,50,60,Beji
1000000000,3,3,0,100,170,Rangkapanjaya
385000000,3,2,1,50,60,Sawangan
1290000000,2,2,1,148,58,Sawangan
1300000000,3,1,1,87,100,Harjamukti
1300000000,3,3,2,97,110,"Pancoran Mas"
896000000,3,2,1,90,70,Rangkapanjaya
1300000000,3,3,2,97,110,Limo
730000000,3,2,2,63,72,Cinere
895000000,3,2,2,85,80,Sawangan
695000000,3,2,2,64,60,Cilodong
300000000,2,1,0,60,60,"Pancoran Mas"
730000000,3,2,1,63,72,Sawangan
1000000000,2,2,1,72,144,Cipayung
840000000,3,2,2,77,110,Limo
1200000000,7,7,0,88,88,Margonda
895000000,3,2,1,60,72,Tapos
1100000000,2,2,1,54,70,Cimanggis
830000000,3,2,1,60,60,Tapos
1900000000,4,3,1,173,200,Krukut
700000000,2,1,1,104,80,Citayam
906000000,4,4,1,214,250,Cilodong
600000000,3,2,1,60,50,Cinangka
1600000000,2,1,1,119,59,Cibubur
1340000000,4,3,1,86,120,"Depok I"
1850000000,3,1,2,292,150,"Pancoran Mas"
1550000000,3,2,2,125,93,Mekarsari
1200000000,3,2,1,90,128,Cilodong
900000000,3,2,1,90,50,Margonda
900000000,3,2,1,60,95,Tapos
2000000000,4,2,2,170,200,Cinere
1600000000,4,3,0,150,140,Cimanggis
950000000,2,1,0,96,53,Sawangan
650000000,2,1,1,88,67,"Bojong Sari"
750000000,3,2,1,45,72,Tapos
1100000000,3,3,1,124,100,Sukatani
1630000000,3,2,2,120,72,Sawangan
1000000000,3,2,2,72,104,Limo
1500000000,3,2,1,120,115,Cibubur
1000000000,3,2,2,72,104,"Pancoran Mas"
899000000,3,2,2,87,174,Cimanggis
750000000,2,1,1,84,56,Tapos
700000000,3,2,2,60,55,Limo
1000000000,3,3,1,53,100,Beji
1850000000,3,2,2,144,100,Cinere
895000000,3,2,1,70,70,Cilodong
656000000,2,1,1,61,55,Cimanggis
1450000000,3,2,2,82,130,"Tanah Baru"
500000000,3,2,0,61,55,Tapos
2100000000,3,2,11,162,100,Cinere
1000000000,3,2,2,72,104,Krukut
900000000,3,2,0,50,72,Cimanggis
1550000000,3,2,1,202,150,Cinere
595000000,3,2,1,53,50,Cilodong
982000000,3,2,1,60,70,Mekarsari
1950000000,3,2,3,215,200,Tugu
755000000,3,2,1,90,53,Citayam
1800000000,3,2,1,100,83,Margonda
775000000,2,1,1,96,54,Cilodong
975000000,4,2,0,60,120,Margonda
678000000,3,1,0,73,70,"Depok I"
1750000000,3,2,2,170,152,Cinere
950000000,3,2,1,107,54,Harjamukti
700000000,3,2,2,60,55,"Pancoran Mas"
700000000,3,2,3,60,55,Sawangan
750000000,2,1,1,105,50,Sawangan
1500000000,2,2,1,197,54,"Depok I"
450000000,2,1,1,120,50,Citayam
870000000,3,2,1,74,80,Cilodong
1700000000,3,3,2,150,144,Sawangan
1100000000,2,2,1,50,60,"Depok I"
1800000000,3,3,2,180,100,Cinere
1900000000,3,2,1,90,92,"Pancoran Mas"
776000000,3,2,2,67,66,Cinere
375000000,2,1,1,60,50,"Pancoran Mas"
1850000000,3,3,0,150,100,Cinere
929000000,3,2,1,100,70,Rangkapanjaya
1400000000,3,3,0,148,130,"Pancoran Mas"
990000000,4,4,2,100,170,"Pancoran Mas"
850000000,5,3,0,115,150,Mekarsari
1500000000,4,2,1,202,130,Cimanggis
1700000000,3,2,1,75,100,"Pancoran Mas"
600000000,2,1,1,70,50,"Bojong Sari"
1850000000,3,2,1,70,117,Cinere
1850000000,3,2,1,64,117,Cinere
875000000,2,1,0,70,50,Tugu
1150000000,3,2,1,120,55,Sawangan
750000000,2,1,1,88,50,Sukmajaya
1350000000,3,2,1,150,200,"Pancoran Mas"
1400000000,3,3,1,83,64,Cinere
1250000000,2,3,1,72,80,Limo
1500000000,4,3,1,85,140,"Pancoran Mas"
670000000,2,1,0,121,100,"Kelapa Dua"
500000000,3,2,0,74,94,"Studio Alam"
930000000,3,2,1,60,95,Tapos
575000000,2,2,0,87,87,Kukusan
957000000,3,2,1,45,72,Cimanggis
575000000,2,2,0,87,87,"Kelapa Dua"
1000000000,2,1,1,120,54,Tapos
900000000,3,2,1,59,72,"Kelapa Dua"
790000000,2,1,1,84,50,Cinangka
1850000000,2,3,0,135,110,Cibubur
960000000,3,2,1,60,95,Tapos
390000000,3,1,0,90,70,Kukusan
1850000000,3,3,2,200,140,Cimanggis
900000000,3,2,1,53,70,Beji
1600000000,3,3,2,132,120,Rangkapanjaya
670000000,3,2,1,52,61,Tapos
699000000,3,2,1,56,57,Cilodong
1200000000,2,1,1,90,60,Cimanggis
1000000000,4,3,2,77,120,Limo
1010000000,2,2,1,50,92,Krukut
1950000000,3,2,2,105,115,Cinere
1100000000,3,2,0,120,140,Sukatani
925000000,3,1,0,82,82,Kukusan
950000000,2,2,2,90,72,Cibubur
1330000000,3,3,1,85,110,Limo
1000000000,3,2,1,84,144,Cipayung
1500000000,3,2,0,108,76,Cinere
1190000000,3,3,1,76,115,"Pancoran Mas"
2049999999,4,4,1,105,210,Sukmajaya
1100000000,2,2,1,72,100,"Depok I"
1900000000,5,5,1,110,150,Cinere
1800000000,4,3,1,105,115,Cinere
1930000000,5,4,1,100,120,Cinere
1500000000,5,4,1,102,120,Cinere
550000000,2,2,0,90,64,Sukmajaya
1710000000,3,2,1,84,75,Sawangan
700000000,3,2,1,72,90,Tapos
400000000,3,3,1,70,100,Sawangan
850000000,3,2,0,87,90,Beji
900000000,3,3,1,87,90,Beji
1200000000,3,2,1,65,70,"Kelapa Dua"
1170000000,2,1,0,105,75,"Bojong Sari"
1950000000,5,5,2,127,200,Cinere
1500000000,4,3,0,96,137,Cipayung
755000000,3,2,1,50,70,"Bojong Sari"
737000000,3,2,1,50,50,Sawangan
1200000000,3,3,1,98,105,Cilodong
1800000000,4,3,0,185,165,Cimanggis
1430000000,3,2,1,108,150,"Bojong Sari"
755000000,3,2,1,50,70,Sawangan
1600000000,3,2,1,95,142,Gandul
685000000,2,2,1,77,55,"Pancoran Mas"
650000000,3,2,2,120,76,Cilodong
390000000,2,2,1,27,54,Cimanggis
600000000,2,2,2,46,50,Limo
1700000000,5,3,1,155,170,Mekarsari
1400000000,5,4,2,134,260,Krukut
385000000,3,2,1,50,60,Cipayung
746000000,3,1,1,64,64,"Bojong Sari"
1200000000,2,1,2,60,84,Margonda
1500000000,5,3,0,90,104,Cinere
1500000000,3,2,1,108,76,Cinere
1900000000,3,2,1,121,144,Cibubur
2000000000,3,2,1,90,85,"Depok II"
1850000000,5,4,3,187,250,Sawangan
950000000,2,1,1,87,50,Sawangan
850000000,3,2,0,49,98,Beji
600000000,5,2,0,60,60,Cipayung
840000000,3,2,1,66,60,Cinangka
2000000000,3,3,1,147,250,"Pancoran Mas"
1200000000,3,2,2,120,100,Sukmajaya
1450000000,2,2,0,120,150,Cimanggis
1400000000,5,4,2,134,260,Limo
885000000,3,2,1,45,69,"Kelapa Dua"
1300000000,3,3,1,108,84,Cinere
1900000000,4,3,1,114,152,Cinere
658000000,2,2,2,78,54,"Pancoran Mas"
385000000,3,2,1,50,660,Cipayung
